job_id,job_name,submit_time,input_files,hardware_type,num_retries
kvMAeg,myJob2,2025-06-16T19:00:21.706989Z,case1.in;mesh.msh,emerald,0
xFMAeg,myJob4,2025-06-16T19:00:22.476335Z,case1.in;mesh.msh,emerald,0
OfWEeg,myJob6,2025-06-16T19:00:23.431526Z,case1.in;mesh.msh,emerald,0
zXEnqg,myJob3,2025-06-16T19:00:21.802913Z,case1.in;mesh.msh,emerald,0
MhFnqg,myJob5,2025-06-16T19:00:22.793211Z,case1.in;mesh.msh,emerald,0
cJPrqg,myJob7,2025-06-16T19:00:24.543577Z,case1.in;mesh.msh,emerald,0
arWEeg,myJob1,2025-06-16T19:00:25.024770Z,case1.in;mesh.msh,emerald,0
pTPrqg,myJob8,2025-06-16T19:00:31.882014Z,case1.in;mesh.msh,emerald,0
QfWEeg,myJob9,2025-06-16T19:00:43.326923Z,case1.in;mesh.msh,emerald,0
eJPrqg,myJob10,2025-06-16T19:00:43.854212Z,case1.in;mesh.msh,emerald,0
rTPrqg,myJob13,2025-06-16T19:00:45.236482Z,case1.in;mesh.msh,emerald,0
crWEeg,myJob12,2025-06-16T19:00:44.898608Z,case1.in;mesh.msh,emerald,0
WfWEeg,myJob14,2025-06-16T19:00:46.048018Z,case1.in;mesh.msh,emerald,0
kJPrqg,myJob11,2025-06-16T19:00:46.945169Z,case1.in;mesh.msh,emerald,0
irWEeg,myJob16,2025-06-16T19:00:51.700357Z,case1.in;mesh.msh,emerald,0
xTPrqg,myJob15,2025-06-16T19:00:55.855299Z,case1.in;mesh.msh,emerald,0
wpgJbg,myJob18,2025-06-16T19:01:05.753496Z,case1.in;mesh.msh,emerald,0
LRZung,myJob17,2025-06-16T19:01:06.881352Z,case1.in;mesh.msh,emerald,0
megJbg,myJob20,2025-06-16T19:01:09.364824Z,case1.in;mesh.msh,emerald,0
ypgJbg,myJob22,2025-06-16T19:01:11.156777Z,case1.in;mesh.msh,emerald,0
AGZung,myJob21,2025-06-16T19:01:10.707797Z,case1.in;mesh.msh,emerald,0
NRZung,myJob19,2025-06-16T19:01:11.612290Z,case1.in;mesh.msh,emerald,0
segJbg,myJob23,2025-06-16T19:01:14.968581Z,case1.in;mesh.msh,emerald,0
EpgJbg,myJob24,2025-06-16T19:01:17.302796Z,case1.in;mesh.msh,emerald,0
TRZung,myJob25,2025-06-16T19:01:28.028561Z,case1.in;mesh.msh,emerald,0
uegJbg,myJob26,2025-06-16T19:01:45.614273Z,case1.in;mesh.msh,emerald,0
JGZung,myJob27,2025-06-16T19:01:45.648400Z,case1.in;mesh.msh,emerald,0
GpgJbg,myJob29,2025-06-16T19:01:46.798975Z,case1.in;mesh.msh,emerald,0
VRZung,myJob30,2025-06-16T19:01:47.849050Z,case1.in;mesh.msh,emerald,0
XPqNbg,myJob28,2025-06-16T19:01:47.928777Z,case1.in;mesh.msh,emerald,0
jarNbg,myJob32,2025-06-16T19:01:49.745648Z,case1.in;mesh.msh,emerald,0
msjzng,myJob31,2025-06-16T19:01:48.803164Z,case1.in;mesh.msh,emerald,0
yCjzng,myJob33,2025-06-16T19:01:50.266419Z,case1.in;mesh.msh,emerald,0
ZPqNbg,myJob35,2025-06-16T19:02:08.969262Z,case1.in;mesh.msh,emerald,0
osjzng,myJob34,2025-06-16T19:02:09.419129Z,case1.in;mesh.msh,emerald,0
